id,username,name,gender,email
04f57e26-1d5f-4a5d-bdf7-d2a9226f8e46,dhadaway0,Ddene,F,dantony0@nydailynews.com
9fd99ede-a42c-4f2c-bcac-c2178f592410,tmacavaddy1,Tiff,F,tolagen1@imdb.com
25632a46-aa4a-43c3-8eae-8faf8f9b6969,sreicherz2,Seline,F,sgeeraert2@google.com.au
8121bffa-731b-45b5-9daf-2200ae81cb64,kfelton3,Kat,F,knorthcott3@dot.gov
2a900810-7bf5-4aca-a27d-69a5fad01880,jnattrass4,Jocko,M,jreidshaw4@homestead.com
7ee7bab4-a51e-4540-ad41-7ec54f55e779,aworge5,Aldric,M,aamburgy5@geocities.jp
33ace0e5-3dba-4f3d-842f-efb4a989b65b,abartos6,Arther,M,agallelli6@vkontakte.ru
7069ac04-004b-4ba0-8484-ed8dcf137a31,rizkovitz7,Renaldo,M,rwethered7@google.com.br
947ef006-7650-4045-ab33-8ae825470a6b,dkendrick8,Deeann,F,ddonise8@webnode.com
78578085-2122-4e84-8360-2c566057a145,hluce9,Hobey,M,hgalpin9@forbes.com
